epoch,quantize_thresholds
0,"[0.39023175835609436, 0.39023175835609436, 0.39023175835609436, 0.39023175835609436, 0.39023175835609436, 0.39023175835609436, 0.39023175835609436, 0.39023175835609436, 0.39023175835609436, 0.39023175835609436, 0.39023175835609436, 0.39023175835609436, 0.39023175835609436, 0.39023175835609436, 0.39023175835609436, 0.39023175835609436, 0.39023175835609436, 0.39023175835609436, 0.39023175835609436, 0.39023175835609436, 0.39023175835609436, 0.39023175835609436, 0.39023175835609436, 0.39023175835609436, 0.39023175835609436, 0.39023175835609436, 0.39023175835609436, 0.39023175835609436, 0.39023175835609436, 0.39023175835609436, 0.39023175835609436, 0.39023175835609436, 0.39023175835609436, 0.39023175835609436, 0.39023175835609436, 0.39023175835609436, 0.39023175835609436, 0.39023175835609436, 0.39023175835609436, 0.39023175835609436, 0.39023175835609436, 0.39023175835609436, 0.39023175835609436, 0.39023175835609436, 0.39023175835609436, 0.39023175835609436, 0.39023175835609436, 0.39023175835609436, 0.39023175835609436, 0.39023175835609436]"
1,"[0.3044334352016449, 0.3044334352016449, 0.3044334352016449, 0.3044334352016449, 0.3044334352016449, 0.3044334352016449, 0.3044334352016449, 0.3044334352016449, 0.3044334352016449, 0.3044334352016449, 0.3044334352016449, 0.3044334352016449, 0.3044334352016449, 0.3044334352016449, 0.3044334352016449, 0.3044334352016449, 0.3044334352016449, 0.3044334352016449, 0.3044334352016449, 0.3044334352016449, 0.3044334352016449, 0.3044334352016449, 0.3044334352016449, 0.3044334352016449, 0.3044334352016449, 0.3044334352016449, 0.3044334352016449, 0.3044334352016449, 0.3044334352016449, 0.3044334352016449, 0.3044334352016449, 0.3044334352016449, 0.3044334352016449, 0.3044334352016449, 0.3044334352016449, 0.3044334352016449, 0.3044334352016449, 0.3044334352016449, 0.3044334352016449, 0.3044334352016449, 0.3044334352016449, 0.3044334352016449, 0.3044334352016449, 0.3044334352016449, 0.3044334352016449, 0.3044334352016449, 0.3044334352016449, 0.3044334352016449, 0.3044334352016449, 0.3044334352016449]"
2,"[0.23757916688919067, 0.23757916688919067, 0.23757916688919067, 0.23757916688919067, 0.23757916688919067, 0.23757916688919067, 0.23757916688919067, 0.23757916688919067, 0.23757916688919067, 0.23757916688919067, 0.23757916688919067, 0.23757916688919067, 0.23757916688919067, 0.23757916688919067, 0.23757916688919067, 0.23757916688919067, 0.23757916688919067, 0.23757916688919067, 0.23757916688919067, 0.23757916688919067, 0.23757916688919067, 0.23757916688919067, 0.23757916688919067, 0.23757916688919067, 0.23757916688919067, 0.23757916688919067, 0.23757916688919067, 0.23757916688919067, 0.23757916688919067, 0.23757916688919067, 0.23757916688919067, 0.23757916688919067, 0.23757916688919067, 0.23757916688919067, 0.23757916688919067, 0.23757916688919067, 0.23757916688919067, 0.23757916688919067, 0.23757916688919067, 0.23757916688919067, 0.23757916688919067, 0.23757916688919067, 0.23757916688919067, 0.23757916688919067, 0.23757916688919067, 0.23757916688919067, 0.23757916688919067, 0.23757916688919067, 0.23757916688919067, 0.23757916688919067]"
3,"[0.1854703277349472, 0.1854703277349472, 0.1854703277349472, 0.1854703277349472, 0.1854703277349472, 0.1854703277349472, 0.1854703277349472, 0.1854703277349472, 0.1854703277349472, 0.1854703277349472, 0.1854703277349472, 0.1854703277349472, 0.1854703277349472, 0.1854703277349472, 0.1854703277349472, 0.1854703277349472, 0.1854703277349472, 0.1854703277349472, 0.1854703277349472, 0.1854703277349472, 0.1854703277349472, 0.1854703277349472, 0.1854703277349472, 0.1854703277349472, 0.1854703277349472, 0.1854703277349472, 0.1854703277349472, 0.1854703277349472, 0.1854703277349472, 0.1854703277349472, 0.1854703277349472, 0.1854703277349472, 0.1854703277349472, 0.1854703277349472, 0.1854703277349472, 0.1854703277349472, 0.1854703277349472, 0.1854703277349472, 0.1854703277349472, 0.1854703277349472, 0.1854703277349472, 0.1854703277349472, 0.1854703277349472, 0.1854703277349472, 0.1854703277349472, 0.1854703277349472, 0.1854703277349472, 0.1854703277349472, 0.1854703277349472, 0.1854703277349472]"
4,"[0.14487063884735107, 0.14487063884735107, 0.14487063884735107, 0.14487063884735107, 0.14487063884735107, 0.14487063884735107, 0.14487063884735107, 0.14487063884735107, 0.14487063884735107, 0.14487063884735107, 0.14487063884735107, 0.14487063884735107, 0.14487063884735107, 0.14487063884735107, 0.14487063884735107, 0.14487063884735107, 0.14487063884735107, 0.14487063884735107, 0.14487063884735107, 0.14487063884735107, 0.14487063884735107, 0.14487063884735107, 0.14487063884735107, 0.14487063884735107, 0.14487063884735107, 0.14487063884735107, 0.14487063884735107, 0.14487063884735107, 0.14487063884735107, 0.14487063884735107, 0.14487063884735107, 0.14487063884735107, 0.14487063884735107, 0.14487063884735107, 0.14487063884735107, 0.14487063884735107, 0.14487063884735107, 0.14487063884735107, 0.14487063884735107, 0.14487063884735107, 0.14487063884735107, 0.14487063884735107, 0.14487063884735107, 0.14487063884735107, 0.14487063884735107, 0.14487063884735107, 0.14487063884735107, 0.14487063884735107, 0.14487063884735107, 0.14487063884735107]"
5,"[0.11323865503072739, 0.11323865503072739, 0.11323865503072739, 0.11323865503072739, 0.11323865503072739, 0.11323865503072739, 0.11323865503072739, 0.11323865503072739, 0.11323865503072739, 0.11323865503072739, 0.11323865503072739, 0.11323865503072739, 0.11323865503072739, 0.11323865503072739, 0.11323865503072739, 0.11323865503072739, 0.11323865503072739, 0.11323865503072739, 0.11323865503072739, 0.11323865503072739, 0.11323865503072739, 0.11323865503072739, 0.11323865503072739, 0.11323865503072739, 0.11323865503072739, 0.11323865503072739, 0.11323865503072739, 0.11323865503072739, 0.11323865503072739, 0.11323865503072739, 0.11323865503072739, 0.11323865503072739, 0.11323865503072739, 0.11323865503072739, 0.11323865503072739, 0.11323865503072739, 0.11323865503072739, 0.11323865503072739, 0.11323865503072739, 0.11323865503072739, 0.11323865503072739, 0.11323865503072739, 0.11323865503072739, 0.11323865503072739, 0.11323865503072739, 0.11323865503072739, 0.11323865503072739, 0.11323865503072739, 0.11323865503072739, 0.11323865503072739]"
6,"[0.08858988434076309, 0.08858988434076309, 0.08858988434076309, 0.08858988434076309, 0.08858988434076309, 0.08858988434076309, 0.08858988434076309, 0.08858988434076309, 0.08858988434076309, 0.08858988434076309, 0.08858988434076309, 0.08858988434076309, 0.08858988434076309, 0.08858988434076309, 0.08858988434076309, 0.08858988434076309, 0.08858988434076309, 0.08858988434076309, 0.08858988434076309, 0.08858988434076309, 0.08858988434076309, 0.08858988434076309, 0.08858988434076309, 0.08858988434076309, 0.08858988434076309, 0.08858988434076309, 0.08858988434076309, 0.08858988434076309, 0.08858988434076309, 0.08858988434076309, 0.08858988434076309, 0.08858988434076309, 0.08858988434076309, 0.08858988434076309, 0.08858988434076309, 0.08858988434076309, 0.08858988434076309, 0.08858988434076309, 0.08858988434076309, 0.08858988434076309, 0.08858988434076309, 0.08858988434076309, 0.08858988434076309, 0.08858988434076309, 0.08858988434076309, 0.08858988434076309, 0.08858988434076309, 0.08858988434076309, 0.08858988434076309, 0.08858988434076309]"
7,"[0.06937716156244278, 0.06937716156244278, 0.06937716156244278, 0.06937716156244278, 0.06937716156244278, 0.06937716156244278, 0.06937716156244278, 0.06937716156244278, 0.06937716156244278, 0.06937716156244278, 0.06937716156244278, 0.06937716156244278, 0.06937716156244278, 0.06937716156244278, 0.06937716156244278, 0.06937716156244278, 0.06937716156244278, 0.06937716156244278, 0.06937716156244278, 0.06937716156244278, 0.06937716156244278, 0.06937716156244278, 0.06937716156244278, 0.06937716156244278, 0.06937716156244278, 0.06937716156244278, 0.06937716156244278, 0.06937716156244278, 0.06937716156244278, 0.06937716156244278, 0.06937716156244278, 0.06937716156244278, 0.06937716156244278, 0.06937716156244278, 0.06937716156244278, 0.06937716156244278, 0.06937716156244278, 0.06937716156244278, 0.06937716156244278, 0.06937716156244278, 0.06937716156244278, 0.06937716156244278, 0.06937716156244278, 0.06937716156244278, 0.06937716156244278, 0.06937716156244278, 0.06937716156244278, 0.06937716156244278, 0.06937716156244278, 0.06937716156244278]"
8,"[0.05439497530460358, 0.05439497530460358, 0.05439497530460358, 0.05439497530460358, 0.05439497530460358, 0.05439497530460358, 0.05439497530460358, 0.05439497530460358, 0.05439497530460358, 0.05439497530460358, 0.05439497530460358, 0.05439497530460358, 0.05439497530460358, 0.05439497530460358, 0.05439497530460358, 0.05439497530460358, 0.05439497530460358, 0.05439497530460358, 0.05439497530460358, 0.05439497530460358, 0.05439497530460358, 0.05439497530460358, 0.05439497530460358, 0.05439497530460358, 0.05439497530460358, 0.05439497530460358, 0.05439497530460358, 0.05439497530460358, 0.05439497530460358, 0.05439497530460358, 0.05439497530460358, 0.05439497530460358, 0.05439497530460358, 0.05439497530460358, 0.05439497530460358, 0.05439497530460358, 0.05439497530460358, 0.05439497530460358, 0.05439497530460358, 0.05439497530460358, 0.05439497530460358, 0.05439497530460358, 0.05439497530460358, 0.05439497530460358, 0.05439497530460358, 0.05439497530460358, 0.05439497530460358, 0.05439497530460358, 0.05439497530460358, 0.05439497530460358]"
9,"[0.04270270839333534, 0.04270270839333534, 0.04270270839333534, 0.04270270839333534, 0.04270270839333534, 0.04270270839333534, 0.04270270839333534, 0.04270270839333534, 0.04270270839333534, 0.04270270839333534, 0.04270270839333534, 0.04270270839333534, 0.04270270839333534, 0.04270270839333534, 0.04270270839333534, 0.04270270839333534, 0.04270270839333534, 0.04270270839333534, 0.04270270839333534, 0.04270270839333534, 0.04270270839333534, 0.04270270839333534, 0.04270270839333534, 0.04270270839333534, 0.04270270839333534, 0.04270270839333534, 0.04270270839333534, 0.04270270839333534, 0.04270270839333534, 0.04270270839333534, 0.04270270839333534, 0.04270270839333534, 0.04270270839333534, 0.04270270839333534, 0.04270270839333534, 0.04270270839333534, 0.04270270839333534, 0.04270270839333534, 0.04270270839333534, 0.04270270839333534, 0.04270270839333534, 0.04270270839333534, 0.04270270839333534, 0.04270270839333534, 0.04270270839333534, 0.04270270839333534, 0.04270270839333534, 0.04270270839333534, 0.04270270839333534, 0.04270270839333534]"
10,"[0.03357642516493797, 0.03357642516493797, 0.03357642516493797, 0.03357642516493797, 0.03357642516493797, 0.03357642516493797, 0.03357642516493797, 0.03357642516493797, 0.03357642516493797, 0.03357642516493797, 0.03357642516493797, 0.03357642516493797, 0.03357642516493797, 0.03357642516493797, 0.03357642516493797, 0.03357642516493797, 0.03357642516493797, 0.03357642516493797, 0.03357642516493797, 0.03357642516493797, 0.03357642516493797, 0.03357642516493797, 0.03357642516493797, 0.03357642516493797, 0.03357642516493797, 0.03357642516493797, 0.03357642516493797, 0.03357642516493797, 0.03357642516493797, 0.03357642516493797, 0.03357642516493797, 0.03357642516493797, 0.03357642516493797, 0.03357642516493797, 0.03357642516493797, 0.03357642516493797, 0.03357642516493797, 0.03357642516493797, 0.03357642516493797, 0.03357642516493797, 0.03357642516493797, 0.03357642516493797, 0.03357642516493797, 0.03357642516493797, 0.03357642516493797, 0.03357642516493797, 0.03357642516493797, 0.03357642516493797, 0.03357642516493797, 0.03357642516493797]"
11,"[0.026442212983965874, 0.026442212983965874, 0.026442212983965874, 0.026442212983965874, 0.026442212983965874, 0.026442212983965874, 0.026442212983965874, 0.026442212983965874, 0.026442212983965874, 0.026442212983965874, 0.026442212983965874, 0.026442212983965874, 0.026442212983965874, 0.026442212983965874, 0.026442212983965874, 0.026442212983965874, 0.026442212983965874, 0.026442212983965874, 0.026442212983965874, 0.026442212983965874, 0.026442212983965874, 0.026442212983965874, 0.026442212983965874, 0.026442212983965874, 0.026442212983965874, 0.026442212983965874, 0.026442212983965874, 0.026442212983965874, 0.026442212983965874, 0.026442212983965874, 0.026442212983965874, 0.026442212983965874, 0.026442212983965874, 0.026442212983965874, 0.026442212983965874, 0.026442212983965874, 0.026442212983965874, 0.026442212983965874, 0.026442212983965874, 0.026442212983965874, 0.026442212983965874, 0.026442212983965874, 0.026442212983965874, 0.026442212983965874, 0.026442212983965874, 0.026442212983965874, 0.026442212983965874, 0.026442212983965874, 0.026442212983965874, 0.026442212983965874]"
12,"[0.020860731601715088, 0.020860731601715088, 0.020860731601715088, 0.020860731601715088, 0.020860731601715088, 0.020860731601715088, 0.020860731601715088, 0.020860731601715088, 0.020860731601715088, 0.020860731601715088, 0.020860731601715088, 0.020860731601715088, 0.020860731601715088, 0.020860731601715088, 0.020860731601715088, 0.020860731601715088, 0.020860731601715088, 0.020860731601715088, 0.020860731601715088, 0.020860731601715088, 0.020860731601715088, 0.020860731601715088, 0.020860731601715088, 0.020860731601715088, 0.020860731601715088, 0.020860731601715088, 0.020860731601715088, 0.020860731601715088, 0.020860731601715088, 0.020860731601715088, 0.020860731601715088, 0.020860731601715088, 0.020860731601715088, 0.020860731601715088, 0.020860731601715088, 0.020860731601715088, 0.020860731601715088, 0.020860731601715088, 0.020860731601715088, 0.020860731601715088, 0.020860731601715088, 0.020860731601715088, 0.020860731601715088, 0.020860731601715088, 0.020860731601715088, 0.020860731601715088, 0.020860731601715088, 0.020860731601715088, 0.020860731601715088, 0.020860731601715088]"
13,"[0.016488922759890556, 0.016488922759890556, 0.016488922759890556, 0.016488922759890556, 0.016488922759890556, 0.016488922759890556, 0.016488922759890556, 0.016488922759890556, 0.016488922759890556, 0.016488922759890556, 0.016488922759890556, 0.016488922759890556, 0.016488922759890556, 0.016488922759890556, 0.016488922759890556, 0.016488922759890556, 0.016488922759890556, 0.016488922759890556, 0.016488922759890556, 0.016488922759890556, 0.016488922759890556, 0.016488922759890556, 0.016488922759890556, 0.016488922759890556, 0.016488922759890556, 0.016488922759890556, 0.016488922759890556, 0.016488922759890556, 0.016488922759890556, 0.016488922759890556, 0.016488922759890556, 0.016488922759890556, 0.016488922759890556, 0.016488922759890556, 0.016488922759890556, 0.016488922759890556, 0.016488922759890556, 0.016488922759890556, 0.016488922759890556, 0.016488922759890556, 0.016488922759890556, 0.016488922759890556, 0.016488922759890556, 0.016488922759890556, 0.016488922759890556, 0.016488922759890556, 0.016488922759890556, 0.016488922759890556, 0.016488922759890556, 0.016488922759890556]"
14,"[0.013060140423476696, 0.013060140423476696, 0.013060140423476696, 0.013060140423476696, 0.013060140423476696, 0.013060140423476696, 0.013060140423476696, 0.013060140423476696, 0.013060140423476696, 0.013060140423476696, 0.013060140423476696, 0.013060140423476696, 0.013060140423476696, 0.013060140423476696, 0.013060140423476696, 0.013060140423476696, 0.013060140423476696, 0.013060140423476696, 0.013060140423476696, 0.013060140423476696, 0.013060140423476696, 0.013060140423476696, 0.013060140423476696, 0.013060140423476696, 0.013060140423476696, 0.013060140423476696, 0.013060140423476696, 0.013060140423476696, 0.013060140423476696, 0.013060140423476696, 0.013060140423476696, 0.013060140423476696, 0.013060140423476696, 0.013060140423476696, 0.013060140423476696, 0.013060140423476696, 0.013060140423476696, 0.013060140423476696, 0.013060140423476696, 0.013060140423476696, 0.013060140423476696, 0.013060140423476696, 0.013060140423476696, 0.013060140423476696, 0.013060140423476696, 0.013060140423476696, 0.013060140423476696, 0.013060140423476696, 0.013060140423476696, 0.013060140423476696]"
15,"[0.010367077775299549, 0.010367077775299549, 0.010367077775299549, 0.010367077775299549, 0.010367077775299549, 0.010367077775299549, 0.010367077775299549, 0.010367077775299549, 0.010367077775299549, 0.010367077775299549, 0.010367077775299549, 0.010367077775299549, 0.010367077775299549, 0.010367077775299549, 0.010367077775299549, 0.010367077775299549, 0.010367077775299549, 0.010367077775299549, 0.010367077775299549, 0.010367077775299549, 0.010367077775299549, 0.010367077775299549, 0.010367077775299549, 0.010367077775299549, 0.010367077775299549, 0.010367077775299549, 0.010367077775299549, 0.010367077775299549, 0.010367077775299549, 0.010367077775299549, 0.010367077775299549, 0.010367077775299549, 0.010367077775299549, 0.010367077775299549, 0.010367077775299549, 0.010367077775299549, 0.010367077775299549, 0.010367077775299549, 0.010367077775299549, 0.010367077775299549, 0.010367077775299549, 0.010367077775299549, 0.010367077775299549, 0.010367077775299549, 0.010367077775299549, 0.010367077775299549, 0.010367077775299549, 0.010367077775299549, 0.010367077775299549, 0.010367077775299549]"
16,"[0.008248540572822094, 0.008248540572822094, 0.008248540572822094, 0.008248540572822094, 0.008248540572822094, 0.008248540572822094, 0.008248540572822094, 0.008248540572822094, 0.008248540572822094, 0.008248540572822094, 0.008248540572822094, 0.008248540572822094, 0.008248540572822094, 0.008248540572822094, 0.008248540572822094, 0.008248540572822094, 0.008248540572822094, 0.008248540572822094, 0.008248540572822094, 0.008248540572822094, 0.008248540572822094, 0.008248540572822094, 0.008248540572822094, 0.008248540572822094, 0.008248540572822094, 0.008248540572822094, 0.008248540572822094, 0.008248540572822094, 0.008248540572822094, 0.008248540572822094, 0.008248540572822094, 0.008248540572822094, 0.008248540572822094, 0.008248540572822094, 0.008248540572822094, 0.008248540572822094, 0.008248540572822094, 0.008248540572822094, 0.008248540572822094, 0.008248540572822094, 0.008248540572822094, 0.008248540572822094, 0.008248540572822094, 0.008248540572822094, 0.008248540572822094, 0.008248540572822094, 0.008248540572822094, 0.008248540572822094, 0.008248540572822094, 0.008248540572822094]"
17,"[0.006579119246453047, 0.006579119246453047, 0.006579119246453047, 0.006579119246453047, 0.006579119246453047, 0.006579119246453047, 0.006579119246453047, 0.006579119246453047, 0.006579119246453047, 0.006579119246453047, 0.006579119246453047, 0.006579119246453047, 0.006579119246453047, 0.006579119246453047, 0.006579119246453047, 0.006579119246453047, 0.006579119246453047, 0.006579119246453047, 0.006579119246453047, 0.006579119246453047, 0.006579119246453047, 0.006579119246453047, 0.006579119246453047, 0.006579119246453047, 0.006579119246453047, 0.006579119246453047, 0.006579119246453047, 0.006579119246453047, 0.006579119246453047, 0.006579119246453047, 0.006579119246453047, 0.006579119246453047, 0.006579119246453047, 0.006579119246453047, 0.006579119246453047, 0.006579119246453047, 0.006579119246453047, 0.006579119246453047, 0.006579119246453047, 0.006579119246453047, 0.006579119246453047, 0.006579119246453047, 0.006579119246453047, 0.006579119246453047, 0.006579119246453047, 0.006579119246453047, 0.006579119246453047, 0.006579119246453047, 0.006579119246453047, 0.006579119246453047]"
18,"[0.005261434242129326, 0.005261434242129326, 0.005261434242129326, 0.005261434242129326, 0.005261434242129326, 0.005261434242129326, 0.005261434242129326, 0.005261434242129326, 0.005261434242129326, 0.005261434242129326, 0.005261434242129326, 0.005261434242129326, 0.005261434242129326, 0.005261434242129326, 0.005261434242129326, 0.005261434242129326, 0.005261434242129326, 0.005261434242129326, 0.005261434242129326, 0.005261434242129326, 0.005261434242129326, 0.005261434242129326, 0.005261434242129326, 0.005261434242129326, 0.005261434242129326, 0.005261434242129326, 0.005261434242129326, 0.005261434242129326, 0.005261434242129326, 0.005261434242129326, 0.005261434242129326, 0.005261434242129326, 0.005261434242129326, 0.005261434242129326, 0.005261434242129326, 0.005261434242129326, 0.005261434242129326, 0.005261434242129326, 0.005261434242129326, 0.005261434242129326, 0.005261434242129326, 0.005261434242129326, 0.005261434242129326, 0.005261434242129326, 0.005261434242129326, 0.005261434242129326, 0.005261434242129326, 0.005261434242129326, 0.005261434242129326, 0.005261434242129326]"
19,"[0.004218929912894964, 0.004218929912894964, 0.004218929912894964, 0.004218929912894964, 0.004218929912894964, 0.004218929912894964, 0.004218929912894964, 0.004218929912894964, 0.004218929912894964, 0.004218929912894964, 0.004218929912894964, 0.004218929912894964, 0.004218929912894964, 0.004218929912894964, 0.004218929912894964, 0.004218929912894964, 0.004218929912894964, 0.004218929912894964, 0.004218929912894964, 0.004218929912894964, 0.004218929912894964, 0.004218929912894964, 0.004218929912894964, 0.004218929912894964, 0.004218929912894964, 0.004218929912894964, 0.004218929912894964, 0.004218929912894964, 0.004218929912894964, 0.004218929912894964, 0.004218929912894964, 0.004218929912894964, 0.004218929912894964, 0.004218929912894964, 0.004218929912894964, 0.004218929912894964, 0.004218929912894964, 0.004218929912894964, 0.004218929912894964, 0.004218929912894964, 0.004218929912894964, 0.004218929912894964, 0.004218929912894964, 0.004218929912894964, 0.004218929912894964, 0.004218929912894964, 0.004218929912894964, 0.004218929912894964, 0.004218929912894964, 0.004218929912894964]"
20,"[0.003392769256606698, 0.003392769256606698, 0.003392769256606698, 0.003392769256606698, 0.003392769256606698, 0.003392769256606698, 0.003392769256606698, 0.003392769256606698, 0.003392769256606698, 0.003392769256606698, 0.003392769256606698, 0.003392769256606698, 0.003392769256606698, 0.003392769256606698, 0.003392769256606698, 0.003392769256606698, 0.003392769256606698, 0.003392769256606698, 0.003392769256606698, 0.003392769256606698, 0.003392769256606698, 0.003392769256606698, 0.003392769256606698, 0.003392769256606698, 0.003392769256606698, 0.003392769256606698, 0.003392769256606698, 0.003392769256606698, 0.003392769256606698, 0.003392769256606698, 0.003392769256606698, 0.003392769256606698, 0.003392769256606698, 0.003392769256606698, 0.003392769256606698, 0.003392769256606698, 0.003392769256606698, 0.003392769256606698, 0.003392769256606698, 0.003392769256606698, 0.003392769256606698, 0.003392769256606698, 0.003392769256606698, 0.003392769256606698, 0.003392769256606698, 0.003392769256606698, 0.003392769256606698, 0.003392769256606698, 0.003392769256606698, 0.003392769256606698]"
21,"[0.0027363644912838936, 0.0027363644912838936, 0.0027363644912838936, 0.0027363644912838936, 0.0027363644912838936, 0.0027363644912838936, 0.0027363644912838936, 0.0027363644912838936, 0.0027363644912838936, 0.0027363644912838936, 0.0027363644912838936, 0.0027363644912838936, 0.0027363644912838936, 0.0027363644912838936, 0.0027363644912838936, 0.0027363644912838936, 0.0027363644912838936, 0.0027363644912838936, 0.0027363644912838936, 0.0027363644912838936, 0.0027363644912838936, 0.0027363644912838936, 0.0027363644912838936, 0.0027363644912838936, 0.0027363644912838936, 0.0027363644912838936, 0.0027363644912838936, 0.0027363644912838936, 0.0027363644912838936, 0.0027363644912838936, 0.0027363644912838936, 0.0027363644912838936, 0.0027363644912838936, 0.0027363644912838936, 0.0027363644912838936, 0.0027363644912838936, 0.0027363644912838936, 0.0027363644912838936, 0.0027363644912838936, 0.0027363644912838936, 0.0027363644912838936, 0.0027363644912838936, 0.0027363644912838936, 0.0027363644912838936, 0.0027363644912838936, 0.0027363644912838936, 0.0027363644912838936, 0.0027363644912838936, 0.0027363644912838936, 0.0027363644912838936]"
22,"[0.0022137591149657965, 0.0022137591149657965, 0.0022137591149657965, 0.0022137591149657965, 0.0022137591149657965, 0.0022137591149657965, 0.0022137591149657965, 0.0022137591149657965, 0.0022137591149657965, 0.0022137591149657965, 0.0022137591149657965, 0.0022137591149657965, 0.0022137591149657965, 0.0022137591149657965, 0.0022137591149657965, 0.0022137591149657965, 0.0022137591149657965, 0.0022137591149657965, 0.0022137591149657965, 0.0022137591149657965, 0.0022137591149657965, 0.0022137591149657965, 0.0022137591149657965, 0.0022137591149657965, 0.0022137591149657965, 0.0022137591149657965, 0.0022137591149657965, 0.0022137591149657965, 0.0022137591149657965, 0.0022137591149657965, 0.0022137591149657965, 0.0022137591149657965, 0.0022137591149657965, 0.0022137591149657965, 0.0022137591149657965, 0.0022137591149657965, 0.0022137591149657965, 0.0022137591149657965, 0.0022137591149657965, 0.0022137591149657965, 0.0022137591149657965, 0.0022137591149657965, 0.0022137591149657965, 0.0022137591149657965, 0.0022137591149657965, 0.0022137591149657965, 0.0022137591149657965, 0.0022137591149657965, 0.0022137591149657965, 0.0022137591149657965]"
23,"[0.0017967629246413708, 0.0017967629246413708, 0.0017967629246413708, 0.0017967629246413708, 0.0017967629246413708, 0.0017967629246413708, 0.0017967629246413708, 0.0017967629246413708, 0.0017967629246413708, 0.0017967629246413708, 0.0017967629246413708, 0.0017967629246413708, 0.0017967629246413708, 0.0017967629246413708, 0.0017967629246413708, 0.0017967629246413708, 0.0017967629246413708, 0.0017967629246413708, 0.0017967629246413708, 0.0017967629246413708, 0.0017967629246413708, 0.0017967629246413708, 0.0017967629246413708, 0.0017967629246413708, 0.0017967629246413708, 0.0017967629246413708, 0.0017967629246413708, 0.0017967629246413708, 0.0017967629246413708, 0.0017967629246413708, 0.0017967629246413708, 0.0017967629246413708, 0.0017967629246413708, 0.0017967629246413708, 0.0017967629246413708, 0.0017967629246413708, 0.0017967629246413708, 0.0017967629246413708, 0.0017967629246413708, 0.0017967629246413708, 0.0017967629246413708, 0.0017967629246413708, 0.0017967629246413708, 0.0017967629246413708, 0.0017967629246413708, 0.0017967629246413708, 0.0017967629246413708, 0.0017967629246413708, 0.0017967629246413708, 0.0017967629246413708]"
24,"[0.0014630707446485758, 0.0014630707446485758, 0.0014630707446485758, 0.0014630707446485758, 0.0014630707446485758, 0.0014630707446485758, 0.0014630707446485758, 0.0014630707446485758, 0.0014630707446485758, 0.0014630707446485758, 0.0014630707446485758, 0.0014630707446485758, 0.0014630707446485758, 0.0014630707446485758, 0.0014630707446485758, 0.0014630707446485758, 0.0014630707446485758, 0.0014630707446485758, 0.0014630707446485758, 0.0014630707446485758, 0.0014630707446485758, 0.0014630707446485758, 0.0014630707446485758, 0.0014630707446485758, 0.0014630707446485758, 0.0014630707446485758, 0.0014630707446485758, 0.0014630707446485758, 0.0014630707446485758, 0.0014630707446485758, 0.0014630707446485758, 0.0014630707446485758, 0.0014630707446485758, 0.0014630707446485758, 0.0014630707446485758, 0.0014630707446485758, 0.0014630707446485758, 0.0014630707446485758, 0.0014630707446485758, 0.0014630707446485758, 0.0014630707446485758, 0.0014630707446485758, 0.0014630707446485758, 0.0014630707446485758, 0.0014630707446485758, 0.0014630707446485758, 0.0014630707446485758, 0.0014630707446485758, 0.0014630707446485758, 0.0014630707446485758]"
25,"[0.001195460674352944, 0.001195460674352944, 0.001195460674352944, 0.001195460674352944, 0.001195460674352944, 0.001195460674352944, 0.001195460674352944, 0.001195460674352944, 0.001195460674352944, 0.001195460674352944, 0.001195460674352944, 0.001195460674352944, 0.001195460674352944, 0.001195460674352944, 0.001195460674352944, 0.001195460674352944, 0.001195460674352944, 0.001195460674352944, 0.001195460674352944, 0.001195460674352944, 0.001195460674352944, 0.001195460674352944, 0.001195460674352944, 0.001195460674352944, 0.001195460674352944, 0.001195460674352944, 0.001195460674352944, 0.001195460674352944, 0.001195460674352944, 0.001195460674352944, 0.001195460674352944, 0.001195460674352944, 0.001195460674352944, 0.001195460674352944, 0.001195460674352944, 0.001195460674352944, 0.001195460674352944, 0.001195460674352944, 0.001195460674352944, 0.001195460674352944, 0.001195460674352944, 0.001195460674352944, 0.001195460674352944, 0.001195460674352944, 0.001195460674352944, 0.001195460674352944, 0.001195460674352944, 0.001195460674352944, 0.001195460674352944, 0.001195460674352944]"
26,"[0.0009801851119846106, 0.0009801851119846106, 0.0009801851119846106, 0.0009801851119846106, 0.0009801851119846106, 0.0009801851119846106, 0.0009801851119846106, 0.0009801851119846106, 0.0009801851119846106, 0.0009801851119846106, 0.0009801851119846106, 0.0009801851119846106, 0.0009801851119846106, 0.0009801851119846106, 0.0009801851119846106, 0.0009801851119846106, 0.0009801851119846106, 0.0009801851119846106, 0.0009801851119846106, 0.0009801851119846106, 0.0009801851119846106, 0.0009801851119846106, 0.0009801851119846106, 0.0009801851119846106, 0.0009801851119846106, 0.0009801851119846106, 0.0009801851119846106, 0.0009801851119846106, 0.0009801851119846106, 0.0009801851119846106, 0.0009801851119846106, 0.0009801851119846106, 0.0009801851119846106, 0.0009801851119846106, 0.0009801851119846106, 0.0009801851119846106, 0.0009801851119846106, 0.0009801851119846106, 0.0009801851119846106, 0.0009801851119846106, 0.0009801851119846106, 0.0009801851119846106, 0.0009801851119846106, 0.0009801851119846106, 0.0009801851119846106, 0.0009801851119846106, 0.0009801851119846106, 0.0009801851119846106, 0.0009801851119846106, 0.0009801851119846106]"
27,"[0.0008065704605542123, 0.0008065704605542123, 0.0008065704605542123, 0.0008065704605542123, 0.0008065704605542123, 0.0008065704605542123, 0.0008065704605542123, 0.0008065704605542123, 0.0008065704605542123, 0.0008065704605542123, 0.0008065704605542123, 0.0008065704605542123, 0.0008065704605542123, 0.0008065704605542123, 0.0008065704605542123, 0.0008065704605542123, 0.0008065704605542123, 0.0008065704605542123, 0.0008065704605542123, 0.0008065704605542123, 0.0008065704605542123, 0.0008065704605542123, 0.0008065704605542123, 0.0008065704605542123, 0.0008065704605542123, 0.0008065704605542123, 0.0008065704605542123, 0.0008065704605542123, 0.0008065704605542123, 0.0008065704605542123, 0.0008065704605542123, 0.0008065704605542123, 0.0008065704605542123, 0.0008065704605542123, 0.0008065704605542123, 0.0008065704605542123, 0.0008065704605542123, 0.0008065704605542123, 0.0008065704605542123, 0.0008065704605542123, 0.0008065704605542123, 0.0008065704605542123, 0.0008065704605542123, 0.0008065704605542123, 0.0008065704605542123, 0.0008065704605542123, 0.0008065704605542123, 0.0008065704605542123, 0.0008065704605542123, 0.0008065704605542123]"
28,"[0.0006661586812697351, 0.0006661586812697351, 0.0006661586812697351, 0.0006661586812697351, 0.0006661586812697351, 0.0006661586812697351, 0.0006661586812697351, 0.0006661586812697351, 0.0006661586812697351, 0.0006661586812697351, 0.0006661586812697351, 0.0006661586812697351, 0.0006661586812697351, 0.0006661586812697351, 0.0006661586812697351, 0.0006661586812697351, 0.0006661586812697351, 0.0006661586812697351, 0.0006661586812697351, 0.0006661586812697351, 0.0006661586812697351, 0.0006661586812697351, 0.0006661586812697351, 0.0006661586812697351, 0.0006661586812697351, 0.0006661586812697351, 0.0006661586812697351, 0.0006661586812697351, 0.0006661586812697351, 0.0006661586812697351, 0.0006661586812697351, 0.0006661586812697351, 0.0006661586812697351, 0.0006661586812697351, 0.0006661586812697351, 0.0006661586812697351, 0.0006661586812697351, 0.0006661586812697351, 0.0006661586812697351, 0.0006661586812697351, 0.0006661586812697351, 0.0006661586812697351, 0.0006661586812697351, 0.0006661586812697351, 0.0006661586812697351, 0.0006661586812697351, 0.0006661586812697351, 0.0006661586812697351, 0.0006661586812697351, 0.0006661586812697351]"
29,"[0.0005522694555111229, 0.0005522694555111229, 0.0005522694555111229, 0.0005522694555111229, 0.0005522694555111229, 0.0005522694555111229, 0.0005522694555111229, 0.0005522694555111229, 0.0005522694555111229, 0.0005522694555111229, 0.0005522694555111229, 0.0005522694555111229, 0.0005522694555111229, 0.0005522694555111229, 0.0005522694555111229, 0.0005522694555111229, 0.0005522694555111229, 0.0005522694555111229, 0.0005522694555111229, 0.0005522694555111229, 0.0005522694555111229, 0.0005522694555111229, 0.0005522694555111229, 0.0005522694555111229, 0.0005522694555111229, 0.0005522694555111229, 0.0005522694555111229, 0.0005522694555111229, 0.0005522694555111229, 0.0005522694555111229, 0.0005522694555111229, 0.0005522694555111229, 0.0005522694555111229, 0.0005522694555111229, 0.0005522694555111229, 0.0005522694555111229, 0.0005522694555111229, 0.0005522694555111229, 0.0005522694555111229, 0.0005522694555111229, 0.0005522694555111229, 0.0005522694555111229, 0.0005522694555111229, 0.0005522694555111229, 0.0005522694555111229, 0.0005522694555111229, 0.0005522694555111229, 0.0005522694555111229, 0.0005522694555111229, 0.0005522694555111229]"
30,"[0.00045963528100401163, 0.00045963528100401163, 0.00045963528100401163, 0.00045963528100401163, 0.00045963528100401163, 0.00045963528100401163, 0.00045963528100401163, 0.00045963528100401163, 0.00045963528100401163, 0.00045963528100401163, 0.00045963528100401163, 0.00045963528100401163, 0.00045963528100401163, 0.00045963528100401163, 0.00045963528100401163, 0.00045963528100401163, 0.00045963528100401163, 0.00045963528100401163, 0.00045963528100401163, 0.00045963528100401163, 0.00045963528100401163, 0.00045963528100401163, 0.00045963528100401163, 0.00045963528100401163, 0.00045963528100401163, 0.00045963528100401163, 0.00045963528100401163, 0.00045963528100401163, 0.00045963528100401163, 0.00045963528100401163, 0.00045963528100401163, 0.00045963528100401163, 0.00045963528100401163, 0.00045963528100401163, 0.00045963528100401163, 0.00045963528100401163, 0.00045963528100401163, 0.00045963528100401163, 0.00045963528100401163, 0.00045963528100401163, 0.00045963528100401163, 0.00045963528100401163, 0.00045963528100401163, 0.00045963528100401163, 0.00045963528100401163, 0.00045963528100401163, 0.00045963528100401163, 0.00045963528100401163, 0.00045963528100401163, 0.00045963528100401163]"
31,"[0.00038403065991587937, 0.00038403065991587937, 0.00038403065991587937, 0.00038403065991587937, 0.00038403065991587937, 0.00038403065991587937, 0.00038403065991587937, 0.00038403065991587937, 0.00038403065991587937, 0.00038403065991587937, 0.00038403065991587937, 0.00038403065991587937, 0.00038403065991587937, 0.00038403065991587937, 0.00038403065991587937, 0.00038403065991587937, 0.00038403065991587937, 0.00038403065991587937, 0.00038403065991587937, 0.00038403065991587937, 0.00038403065991587937, 0.00038403065991587937, 0.00038403065991587937, 0.00038403065991587937, 0.00038403065991587937, 0.00038403065991587937, 0.00038403065991587937, 0.00038403065991587937, 0.00038403065991587937, 0.00038403065991587937, 0.00038403065991587937, 0.00038403065991587937, 0.00038403065991587937, 0.00038403065991587937, 0.00038403065991587937, 0.00038403065991587937, 0.00038403065991587937, 0.00038403065991587937, 0.00038403065991587937, 0.00038403065991587937, 0.00038403065991587937, 0.00038403065991587937, 0.00038403065991587937, 0.00038403065991587937, 0.00038403065991587937, 0.00038403065991587937, 0.00038403065991587937, 0.00038403065991587937, 0.00038403065991587937, 0.00038403065991587937]"
32,"[0.00032214782549999654, 0.00032214782549999654, 0.00032214782549999654, 0.00032214782549999654, 0.00032214782549999654, 0.00032214782549999654, 0.00032214782549999654, 0.00032214782549999654, 0.00032214782549999654, 0.00032214782549999654, 0.00032214782549999654, 0.00032214782549999654, 0.00032214782549999654, 0.00032214782549999654, 0.00032214782549999654, 0.00032214782549999654, 0.00032214782549999654, 0.00032214782549999654, 0.00032214782549999654, 0.00032214782549999654, 0.00032214782549999654, 0.00032214782549999654, 0.00032214782549999654, 0.00032214782549999654, 0.00032214782549999654, 0.00032214782549999654, 0.00032214782549999654, 0.00032214782549999654, 0.00032214782549999654, 0.00032214782549999654, 0.00032214782549999654, 0.00032214782549999654, 0.00032214782549999654, 0.00032214782549999654, 0.00032214782549999654, 0.00032214782549999654, 0.00032214782549999654, 0.00032214782549999654, 0.00032214782549999654, 0.00032214782549999654, 0.00032214782549999654, 0.00032214782549999654, 0.00032214782549999654, 0.00032214782549999654, 0.00032214782549999654, 0.00032214782549999654, 0.00032214782549999654, 0.00032214782549999654, 0.00032214782549999654, 0.00032214782549999654]"
33,"[0.00027133728144690394, 0.00027133728144690394, 0.00027133728144690394, 0.00027133728144690394, 0.00027133728144690394, 0.00027133728144690394, 0.00027133728144690394, 0.00027133728144690394, 0.00027133728144690394, 0.00027133728144690394, 0.00027133728144690394, 0.00027133728144690394, 0.00027133728144690394, 0.00027133728144690394, 0.00027133728144690394, 0.00027133728144690394, 0.00027133728144690394, 0.00027133728144690394, 0.00027133728144690394, 0.00027133728144690394, 0.00027133728144690394, 0.00027133728144690394, 0.00027133728144690394, 0.00027133728144690394, 0.00027133728144690394, 0.00027133728144690394, 0.00027133728144690394, 0.00027133728144690394, 0.00027133728144690394, 0.00027133728144690394, 0.00027133728144690394, 0.00027133728144690394, 0.00027133728144690394, 0.00027133728144690394, 0.00027133728144690394, 0.00027133728144690394, 0.00027133728144690394, 0.00027133728144690394, 0.00027133728144690394, 0.00027133728144690394, 0.00027133728144690394, 0.00027133728144690394, 0.00027133728144690394, 0.00027133728144690394, 0.00027133728144690394, 0.00027133728144690394, 0.00027133728144690394, 0.00027133728144690394, 0.00027133728144690394, 0.00027133728144690394]"
34,"[0.00022948579862713814, 0.00022948579862713814, 0.00022948579862713814, 0.00022948579862713814, 0.00022948579862713814, 0.00022948579862713814, 0.00022948579862713814, 0.00022948579862713814, 0.00022948579862713814, 0.00022948579862713814, 0.00022948579862713814, 0.00022948579862713814, 0.00022948579862713814, 0.00022948579862713814, 0.00022948579862713814, 0.00022948579862713814, 0.00022948579862713814, 0.00022948579862713814, 0.00022948579862713814, 0.00022948579862713814, 0.00022948579862713814, 0.00022948579862713814, 0.00022948579862713814, 0.00022948579862713814, 0.00022948579862713814, 0.00022948579862713814, 0.00022948579862713814, 0.00022948579862713814, 0.00022948579862713814, 0.00022948579862713814, 0.00022948579862713814, 0.00022948579862713814, 0.00022948579862713814, 0.00022948579862713814, 0.00022948579862713814, 0.00022948579862713814, 0.00022948579862713814, 0.00022948579862713814, 0.00022948579862713814, 0.00022948579862713814, 0.00022948579862713814, 0.00022948579862713814, 0.00022948579862713814, 0.00022948579862713814, 0.00022948579862713814, 0.00022948579862713814, 0.00022948579862713814, 0.00022948579862713814, 0.00022948579862713814, 0.00022948579862713814]"
35,"[0.00019490245904307812, 0.00019490245904307812, 0.00019490245904307812, 0.00019490245904307812, 0.00019490245904307812, 0.00019490245904307812, 0.00019490245904307812, 0.00019490245904307812, 0.00019490245904307812, 0.00019490245904307812, 0.00019490245904307812, 0.00019490245904307812, 0.00019490245904307812, 0.00019490245904307812, 0.00019490245904307812, 0.00019490245904307812, 0.00019490245904307812, 0.00019490245904307812, 0.00019490245904307812, 0.00019490245904307812, 0.00019490245904307812, 0.00019490245904307812, 0.00019490245904307812, 0.00019490245904307812, 0.00019490245904307812, 0.00019490245904307812, 0.00019490245904307812, 0.00019490245904307812, 0.00019490245904307812, 0.00019490245904307812, 0.00019490245904307812, 0.00019490245904307812, 0.00019490245904307812, 0.00019490245904307812, 0.00019490245904307812, 0.00019490245904307812, 0.00019490245904307812, 0.00019490245904307812, 0.00019490245904307812, 0.00019490245904307812, 0.00019490245904307812, 0.00019490245904307812, 0.00019490245904307812, 0.00019490245904307812, 0.00019490245904307812, 0.00019490245904307812, 0.00019490245904307812, 0.00019490245904307812, 0.00019490245904307812, 0.00019490245904307812]"
36,"[0.00016622725524939597, 0.00016622725524939597, 0.00016622725524939597, 0.00016622725524939597, 0.00016622725524939597, 0.00016622725524939597, 0.00016622725524939597, 0.00016622725524939597, 0.00016622725524939597, 0.00016622725524939597, 0.00016622725524939597, 0.00016622725524939597, 0.00016622725524939597, 0.00016622725524939597, 0.00016622725524939597, 0.00016622725524939597, 0.00016622725524939597, 0.00016622725524939597, 0.00016622725524939597, 0.00016622725524939597, 0.00016622725524939597, 0.00016622725524939597, 0.00016622725524939597, 0.00016622725524939597, 0.00016622725524939597, 0.00016622725524939597, 0.00016622725524939597, 0.00016622725524939597, 0.00016622725524939597, 0.00016622725524939597, 0.00016622725524939597, 0.00016622725524939597, 0.00016622725524939597, 0.00016622725524939597, 0.00016622725524939597, 0.00016622725524939597, 0.00016622725524939597, 0.00016622725524939597, 0.00016622725524939597, 0.00016622725524939597, 0.00016622725524939597, 0.00016622725524939597, 0.00016622725524939597, 0.00016622725524939597, 0.00016622725524939597, 0.00016622725524939597, 0.00016622725524939597, 0.00016622725524939597, 0.00016622725524939597, 0.00016622725524939597]"
